id,name,gender_rate,base_happiness,is_baby,is_legendary,is_mythical,hatch_counter,has_gender_differences,forms_switchable
1,bulbasaur,1,50.0,False,False,False,20.0,False,False
2,ivysaur,1,50.0,False,False,False,20.0,False,False
3,venusaur,1,50.0,False,False,False,20.0,True,True
4,charmander,1,50.0,False,False,False,20.0,False,False
5,charmeleon,1,50.0,False,False,False,20.0,False,False
6,charizard,1,50.0,False,False,False,20.0,False,True
7,squirtle,1,50.0,False,False,False,20.0,False,False
8,wartortle,1,50.0,False,False,False,20.0,False,False
9,blastoise,1,50.0,False,False,False,20.0,False,True
10,caterpie,4,50.0,False,False,False,15.0,False,False
11,metapod,4,50.0,False,False,False,15.0,False,False
12,butterfree,4,50.0,False,False,False,15.0,True,False
13,weedle,4,70.0,False,False,False,15.0,False,False
14,kakuna,4,70.0,False,False,False,15.0,False,False
15,beedrill,4,70.0,False,False,False,15.0,False,True
16,pidgey,4,70.0,False,False,False,15.0,False,False
17,pidgeotto,4,70.0,False,False,False,15.0,False,False
18,pidgeot,4,70.0,False,False,False,15.0,False,True
19,rattata,4,70.0,False,False,False,15.0,True,False
20,raticate,4,70.0,False,False,False,15.0,True,False
21,spearow,4,70.0,False,False,False,15.0,False,False
22,fearow,4,70.0,False,False,False,15.0,False,False
23,ekans,4,70.0,False,False,False,20.0,False,False
24,arbok,4,70.0,False,False,False,20.0,False,False
25,pikachu,4,50.0,False,False,False,10.0,True,False
26,raichu,4,50.0,False,False,False,10.0,True,False
27,sandshrew,4,50.0,False,False,False,20.0,False,False
28,sandslash,4,50.0,False,False,False,20.0,False,False
29,nidoran-f,8,50.0,False,False,False,20.0,False,False
30,nidorina,8,50.0,False,False,False,20.0,False,False
31,nidoqueen,8,50.0,False,False,False,20.0,False,False
32,nidoran-m,0,50.0,False,False,False,20.0,False,False
33,nidorino,0,50.0,False,False,False,20.0,False,False
34,nidoking,0,50.0,False,False,False,20.0,False,False
35,clefairy,6,140.0,False,False,False,10.0,False,False
36,clefable,6,140.0,False,False,False,10.0,False,False
37,vulpix,6,50.0,False,False,False,20.0,False,False
38,ninetales,6,50.0,False,False,False,20.0,False,False
39,jigglypuff,6,50.0,False,False,False,10.0,False,False
40,wigglytuff,6,50.0,False,False,False,10.0,False,False
41,zubat,4,50.0,False,False,False,15.0,True,False
42,golbat,4,50.0,False,False,False,15.0,True,False
43,oddish,4,50.0,False,False,False,20.0,False,False
44,gloom,4,50.0,False,False,False,20.0,True,False
45,vileplume,4,50.0,False,False,False,20.0,True,False
46,paras,4,70.0,False,False,False,20.0,False,False
47,parasect,4,70.0,False,False,False,20.0,False,False
48,venonat,4,70.0,False,False,False,20.0,False,False
49,venomoth,4,70.0,False,False,False,20.0,False,False
50,diglett,4,50.0,False,False,False,20.0,False,False
51,dugtrio,4,50.0,False,False,False,20.0,False,False
52,meowth,4,50.0,False,False,False,20.0,False,False
53,persian,4,50.0,False,False,False,20.0,False,False
54,psyduck,4,50.0,False,False,False,20.0,False,False
55,golduck,4,50.0,False,False,False,20.0,False,False
56,mankey,4,70.0,False,False,False,20.0,False,False
57,primeape,4,70.0,False,False,False,20.0,False,False
58,growlithe,2,50.0,False,False,False,20.0,False,False
59,arcanine,2,50.0,False,False,False,20.0,False,False
60,poliwag,4,50.0,False,False,False,20.0,False,False
61,poliwhirl,4,50.0,False,False,False,20.0,False,False
62,poliwrath,4,50.0,False,False,False,20.0,False,False
63,abra,2,50.0,False,False,False,20.0,False,False
64,kadabra,2,50.0,False,False,False,20.0,True,False
65,alakazam,2,50.0,False,False,False,20.0,True,True
66,machop,2,50.0,False,False,False,20.0,False,False
67,machoke,2,50.0,False,False,False,20.0,False,False
68,machamp,2,50.0,False,False,False,20.0,False,False
69,bellsprout,4,70.0,False,False,False,20.0,False,False
70,weepinbell,4,70.0,False,False,False,20.0,False,False
71,victreebel,4,70.0,False,False,False,20.0,False,False
72,tentacool,4,50.0,False,False,False,20.0,False,False
73,tentacruel,4,50.0,False,False,False,20.0,False,False
74,geodude,4,70.0,False,False,False,15.0,False,False
75,graveler,4,70.0,False,False,False,15.0,False,False
76,golem,4,70.0,False,False,False,15.0,False,False
77,ponyta,4,50.0,False,False,False,20.0,False,False
78,rapidash,4,50.0,False,False,False,20.0,False,False
79,slowpoke,4,50.0,False,False,False,20.0,False,False
80,slowbro,4,50.0,False,False,False,20.0,False,True
81,magnemite,-1,50.0,False,False,False,20.0,False,False
82,magneton,-1,50.0,False,False,False,20.0,False,False
83,farfetchd,4,50.0,False,False,False,20.0,False,False
84,doduo,4,70.0,False,False,False,20.0,True,False
85,dodrio,4,70.0,False,False,False,20.0,True,False
86,seel,4,70.0,False,False,False,20.0,False,False
87,dewgong,4,70.0,False,False,False,20.0,False,False
88,grimer,4,70.0,False,False,False,20.0,False,False
89,muk,4,70.0,False,False,False,20.0,False,False
90,shellder,4,50.0,False,False,False,20.0,False,False
91,cloyster,4,50.0,False,False,False,20.0,False,False
92,gastly,4,50.0,False,False,False,20.0,False,False
93,haunter,4,50.0,False,False,False,20.0,False,False
94,gengar,4,50.0,False,False,False,20.0,False,True
95,onix,4,50.0,False,False,False,25.0,False,False
96,drowzee,4,70.0,False,False,False,20.0,False,False
97,hypno,4,70.0,False,False,False,20.0,True,False
98,krabby,4,50.0,False,False,False,20.0,False,False
99,kingler,4,50.0,False,False,False,20.0,False,False
100,voltorb,-1,70.0,False,False,False,20.0,False,False
101,electrode,-1,70.0,False,False,False,20.0,False,False
102,exeggcute,4,50.0,False,False,False,20.0,False,False
103,exeggutor,4,50.0,False,False,False,20.0,False,False
104,cubone,4,50.0,False,False,False,20.0,False,False
105,marowak,4,50.0,False,False,False,20.0,False,False
106,hitmonlee,0,50.0,False,False,False,25.0,False,False
107,hitmonchan,0,50.0,False,False,False,25.0,False,False
108,lickitung,4,50.0,False,False,False,20.0,False,False
109,koffing,4,50.0,False,False,False,20.0,False,False
110,weezing,4,50.0,False,False,False,20.0,False,False
111,rhyhorn,4,50.0,False,False,False,20.0,True,False
112,rhydon,4,50.0,False,False,False,20.0,True,False
113,chansey,8,140.0,False,False,False,40.0,False,False
114,tangela,4,50.0,False,False,False,20.0,False,False
115,kangaskhan,8,50.0,False,False,False,20.0,False,True
116,horsea,4,50.0,False,False,False,20.0,False,False
117,seadra,4,50.0,False,False,False,20.0,False,False
118,goldeen,4,50.0,False,False,False,20.0,True,False
119,seaking,4,50.0,False,False,False,20.0,True,False
120,staryu,-1,50.0,False,False,False,20.0,False,False
121,starmie,-1,50.0,False,False,False,20.0,False,False
122,mr-mime,4,50.0,False,False,False,25.0,False,False
123,scyther,4,50.0,False,False,False,25.0,True,False
124,jynx,8,50.0,False,False,False,25.0,False,False
125,electabuzz,2,50.0,False,False,False,25.0,False,False
126,magmar,2,50.0,False,False,False,25.0,False,False
127,pinsir,4,50.0,False,False,False,25.0,False,True
128,tauros,0,50.0,False,False,False,20.0,False,False
129,magikarp,4,50.0,False,False,False,5.0,True,False
130,gyarados,4,50.0,False,False,False,5.0,True,True
131,lapras,4,50.0,False,False,False,40.0,False,False
132,ditto,-1,50.0,False,False,False,20.0,False,False
133,eevee,1,50.0,False,False,False,35.0,False,False
134,vaporeon,1,50.0,False,False,False,35.0,False,False
135,jolteon,1,50.0,False,False,False,35.0,False,False
136,flareon,1,50.0,False,False,False,35.0,False,False
137,porygon,-1,50.0,False,False,False,20.0,False,False
138,omanyte,1,50.0,False,False,False,30.0,False,False
139,omastar,1,50.0,False,False,False,30.0,False,False
140,kabuto,1,50.0,False,False,False,30.0,False,False
141,kabutops,1,50.0,False,False,False,30.0,False,False
142,aerodactyl,1,50.0,False,False,False,35.0,False,True
143,snorlax,1,50.0,False,False,False,40.0,False,False
144,articuno,-1,35.0,False,True,False,80.0,False,False
145,zapdos,-1,35.0,False,True,False,80.0,False,False
146,moltres,-1,35.0,False,True,False,80.0,False,False
147,dratini,4,35.0,False,False,False,40.0,False,False
148,dragonair,4,35.0,False,False,False,40.0,False,False
149,dragonite,4,35.0,False,False,False,40.0,False,False
150,mewtwo,-1,0.0,False,True,False,120.0,False,True
151,mew,-1,100.0,False,False,True,120.0,False,False
152,chikorita,1,70.0,False,False,False,20.0,False,False
153,bayleef,1,70.0,False,False,False,20.0,False,False
154,meganium,1,70.0,False,False,False,20.0,True,False
155,cyndaquil,1,70.0,False,False,False,20.0,False,False
156,quilava,1,70.0,False,False,False,20.0,False,False
157,typhlosion,1,70.0,False,False,False,20.0,False,False
158,totodile,1,70.0,False,False,False,20.0,False,False
159,croconaw,1,70.0,False,False,False,20.0,False,False
160,feraligatr,1,70.0,False,False,False,20.0,False,False
161,sentret,4,70.0,False,False,False,15.0,False,False
162,furret,4,70.0,False,False,False,15.0,False,False
163,hoothoot,4,50.0,False,False,False,15.0,False,False
164,noctowl,4,50.0,False,False,False,15.0,False,False
165,ledyba,4,70.0,False,False,False,15.0,True,False
166,ledian,4,70.0,False,False,False,15.0,True,False
167,spinarak,4,70.0,False,False,False,15.0,False,False
168,ariados,4,70.0,False,False,False,15.0,False,False
169,crobat,4,50.0,False,False,False,15.0,False,False
170,chinchou,4,50.0,False,False,False,20.0,False,False
171,lanturn,4,50.0,False,False,False,20.0,False,False
172,pichu,4,50.0,True,False,False,10.0,False,False
173,cleffa,6,140.0,True,False,False,10.0,False,False
174,igglybuff,6,50.0,True,False,False,10.0,False,False
175,togepi,1,50.0,True,False,False,10.0,False,False
176,togetic,1,50.0,False,False,False,10.0,False,False
177,natu,4,50.0,False,False,False,20.0,False,False
178,xatu,4,50.0,False,False,False,20.0,True,False
179,mareep,4,70.0,False,False,False,20.0,False,False
180,flaaffy,4,70.0,False,False,False,20.0,False,False
181,ampharos,4,70.0,False,False,False,20.0,False,True
182,bellossom,4,50.0,False,False,False,20.0,False,False
183,marill,4,50.0,False,False,False,10.0,False,False
184,azumarill,4,50.0,False,False,False,10.0,False,False
185,sudowoodo,4,50.0,False,False,False,20.0,True,False
186,politoed,4,50.0,False,False,False,20.0,True,False
187,hoppip,4,70.0,False,False,False,20.0,False,False
188,skiploom,4,70.0,False,False,False,20.0,False,False
189,jumpluff,4,70.0,False,False,False,20.0,False,False
190,aipom,4,70.0,False,False,False,20.0,True,False
191,sunkern,4,70.0,False,False,False,20.0,False,False
192,sunflora,4,70.0,False,False,False,20.0,False,False
193,yanma,4,70.0,False,False,False,20.0,False,False
194,wooper,4,50.0,False,False,False,20.0,True,False
195,quagsire,4,50.0,False,False,False,20.0,True,False
196,espeon,1,50.0,False,False,False,35.0,False,False
197,umbreon,1,35.0,False,False,False,35.0,False,False
198,murkrow,4,35.0,False,False,False,20.0,True,False
199,slowking,4,50.0,False,False,False,20.0,False,False
200,misdreavus,4,35.0,False,False,False,25.0,False,False
201,unown,-1,70.0,False,False,False,40.0,False,False
202,wobbuffet,4,50.0,False,False,False,20.0,True,False
203,girafarig,4,70.0,False,False,False,20.0,True,False
204,pineco,4,70.0,False,False,False,20.0,False,False
205,forretress,4,70.0,False,False,False,20.0,False,False
206,dunsparce,4,50.0,False,False,False,20.0,False,False
207,gligar,4,70.0,False,False,False,20.0,True,False
208,steelix,4,50.0,False,False,False,25.0,True,True
209,snubbull,6,70.0,False,False,False,20.0,False,False
210,granbull,6,70.0,False,False,False,20.0,False,False
211,qwilfish,4,50.0,False,False,False,20.0,False,False
212,scizor,4,50.0,False,False,False,25.0,True,True
213,shuckle,4,50.0,False,False,False,20.0,False,False
214,heracross,4,50.0,False,False,False,25.0,True,True
215,sneasel,4,35.0,False,False,False,20.0,True,False
216,teddiursa,4,70.0,False,False,False,20.0,False,False
217,ursaring,4,70.0,False,False,False,20.0,True,False
218,slugma,4,70.0,False,False,False,20.0,False,False
219,magcargo,4,70.0,False,False,False,20.0,False,False
220,swinub,4,50.0,False,False,False,20.0,False,False
221,piloswine,4,50.0,False,False,False,20.0,True,False
222,corsola,6,50.0,False,False,False,20.0,False,False
223,remoraid,4,50.0,False,False,False,20.0,False,False
224,octillery,4,50.0,False,False,False,20.0,True,False
225,delibird,4,50.0,False,False,False,20.0,False,False
226,mantine,4,50.0,False,False,False,25.0,False,False
227,skarmory,4,50.0,False,False,False,25.0,False,False
228,houndour,4,35.0,False,False,False,20.0,False,False
229,houndoom,4,35.0,False,False,False,20.0,True,True
230,kingdra,4,50.0,False,False,False,20.0,False,False
231,phanpy,4,70.0,False,False,False,20.0,False,False
232,donphan,4,70.0,False,False,False,20.0,True,False
233,porygon2,-1,50.0,False,False,False,20.0,False,False
234,stantler,4,70.0,False,False,False,20.0,False,False
235,smeargle,4,70.0,False,False,False,20.0,False,False
236,tyrogue,0,50.0,True,False,False,25.0,False,False
237,hitmontop,0,50.0,False,False,False,25.0,False,False
238,smoochum,8,50.0,True,False,False,25.0,False,False
239,elekid,2,50.0,True,False,False,25.0,False,False
240,magby,2,50.0,True,False,False,25.0,False,False
241,miltank,8,50.0,False,False,False,20.0,False,False
242,blissey,8,140.0,False,False,False,40.0,False,False
243,raikou,-1,35.0,False,True,False,80.0,False,False
244,entei,-1,35.0,False,True,False,80.0,False,False
245,suicune,-1,35.0,False,True,False,80.0,False,False
246,larvitar,4,35.0,False,False,False,40.0,False,False
247,pupitar,4,35.0,False,False,False,40.0,False,False
248,tyranitar,4,35.0,False,False,False,40.0,False,True
249,lugia,-1,0.0,False,True,False,120.0,False,False
250,ho-oh,-1,0.0,False,True,False,120.0,False,False
251,celebi,-1,100.0,False,False,True,120.0,False,False
252,treecko,1,50.0,False,False,False,20.0,False,False
253,grovyle,1,50.0,False,False,False,20.0,False,False
254,sceptile,1,50.0,False,False,False,20.0,False,True
255,torchic,1,50.0,False,False,False,20.0,True,False
256,combusken,1,50.0,False,False,False,20.0,True,False
257,blaziken,1,50.0,False,False,False,20.0,True,True
258,mudkip,1,50.0,False,False,False,20.0,False,False
259,marshtomp,1,50.0,False,False,False,20.0,False,False
260,swampert,1,50.0,False,False,False,20.0,False,True
261,poochyena,4,70.0,False,False,False,15.0,False,False
262,mightyena,4,70.0,False,False,False,15.0,False,False
263,zigzagoon,4,50.0,False,False,False,15.0,False,False
264,linoone,4,50.0,False,False,False,15.0,False,False
265,wurmple,4,70.0,False,False,False,15.0,False,False
266,silcoon,4,70.0,False,False,False,15.0,False,False
267,beautifly,4,70.0,False,False,False,15.0,True,False
268,cascoon,4,70.0,False,False,False,15.0,False,False
269,dustox,4,70.0,False,False,False,15.0,True,False
270,lotad,4,50.0,False,False,False,15.0,False,False
271,lombre,4,50.0,False,False,False,15.0,False,False
272,ludicolo,4,50.0,False,False,False,15.0,True,False
273,seedot,4,50.0,False,False,False,15.0,False,False
274,nuzleaf,4,50.0,False,False,False,15.0,True,False
275,shiftry,4,50.0,False,False,False,15.0,True,False
276,taillow,4,70.0,False,False,False,15.0,False,False
277,swellow,4,70.0,False,False,False,15.0,False,False
278,wingull,4,50.0,False,False,False,20.0,False,False
279,pelipper,4,50.0,False,False,False,20.0,False,False
280,ralts,4,35.0,False,False,False,20.0,False,False
281,kirlia,4,35.0,False,False,False,20.0,False,False
282,gardevoir,4,35.0,False,False,False,20.0,False,True
283,surskit,4,70.0,False,False,False,15.0,False,False
284,masquerain,4,70.0,False,False,False,15.0,False,False
285,shroomish,4,70.0,False,False,False,15.0,False,False
286,breloom,4,70.0,False,False,False,15.0,False,False
287,slakoth,4,70.0,False,False,False,15.0,False,False
288,vigoroth,4,70.0,False,False,False,15.0,False,False
289,slaking,4,70.0,False,False,False,15.0,False,False
290,nincada,4,50.0,False,False,False,15.0,False,False
291,ninjask,4,50.0,False,False,False,15.0,False,False
292,shedinja,-1,50.0,False,False,False,15.0,False,False
293,whismur,4,50.0,False,False,False,20.0,False,False
294,loudred,4,50.0,False,False,False,20.0,False,False
295,exploud,4,50.0,False,False,False,20.0,False,False
296,makuhita,2,70.0,False,False,False,20.0,False,False
297,hariyama,2,70.0,False,False,False,20.0,False,False
298,azurill,6,50.0,True,False,False,10.0,False,False
299,nosepass,4,70.0,False,False,False,20.0,False,False
300,skitty,6,70.0,False,False,False,15.0,False,False
301,delcatty,6,70.0,False,False,False,15.0,False,False
302,sableye,4,35.0,False,False,False,25.0,False,True
303,mawile,4,50.0,False,False,False,20.0,False,True
304,aron,4,35.0,False,False,False,35.0,False,False
305,lairon,4,35.0,False,False,False,35.0,False,False
306,aggron,4,35.0,False,False,False,35.0,False,True
307,meditite,4,70.0,False,False,False,20.0,True,False
308,medicham,4,70.0,False,False,False,20.0,True,True
309,electrike,4,50.0,False,False,False,20.0,False,False
310,manectric,4,50.0,False,False,False,20.0,False,True
311,plusle,4,70.0,False,False,False,20.0,False,False
312,minun,4,70.0,False,False,False,20.0,False,False
313,volbeat,0,70.0,False,False,False,15.0,False,False
314,illumise,8,70.0,False,False,False,15.0,False,False
315,roselia,4,50.0,False,False,False,20.0,True,False
316,gulpin,4,70.0,False,False,False,20.0,True,False
317,swalot,4,70.0,False,False,False,20.0,True,False
318,carvanha,4,35.0,False,False,False,20.0,False,False
319,sharpedo,4,35.0,False,False,False,20.0,False,True
320,wailmer,4,50.0,False,False,False,40.0,False,False
321,wailord,4,50.0,False,False,False,40.0,False,False
322,numel,4,70.0,False,False,False,20.0,True,False
323,camerupt,4,70.0,False,False,False,20.0,True,True
324,torkoal,4,50.0,False,False,False,20.0,False,False
325,spoink,4,70.0,False,False,False,20.0,False,False
326,grumpig,4,70.0,False,False,False,20.0,False,False
327,spinda,4,70.0,False,False,False,15.0,False,False
328,trapinch,4,50.0,False,False,False,20.0,False,False
329,vibrava,4,50.0,False,False,False,20.0,False,False
330,flygon,4,50.0,False,False,False,20.0,False,False
331,cacnea,4,35.0,False,False,False,20.0,False,False
332,cacturne,4,35.0,False,False,False,20.0,True,False
333,swablu,4,50.0,False,False,False,20.0,False,False
334,altaria,4,50.0,False,False,False,20.0,False,True
335,zangoose,4,70.0,False,False,False,20.0,False,False
336,seviper,4,70.0,False,False,False,20.0,False,False
337,lunatone,-1,50.0,False,False,False,25.0,False,False
338,solrock,-1,50.0,False,False,False,25.0,False,False
339,barboach,4,50.0,False,False,False,20.0,False,False
340,whiscash,4,50.0,False,False,False,20.0,False,False
341,corphish,4,50.0,False,False,False,15.0,False,False
342,crawdaunt,4,50.0,False,False,False,15.0,False,False
343,baltoy,-1,50.0,False,False,False,20.0,False,False
344,claydol,-1,50.0,False,False,False,20.0,False,False
345,lileep,1,50.0,False,False,False,30.0,False,False
346,cradily,1,50.0,False,False,False,30.0,False,False
347,anorith,1,50.0,False,False,False,30.0,False,False
348,armaldo,1,50.0,False,False,False,30.0,False,False
349,feebas,4,50.0,False,False,False,20.0,False,False
350,milotic,4,50.0,False,False,False,20.0,True,False
351,castform,4,70.0,False,False,False,25.0,False,True
352,kecleon,4,70.0,False,False,False,20.0,False,False
353,shuppet,4,35.0,False,False,False,25.0,False,False
354,banette,4,35.0,False,False,False,25.0,False,True
355,duskull,4,35.0,False,False,False,25.0,False,False
356,dusclops,4,35.0,False,False,False,25.0,False,False
357,tropius,4,70.0,False,False,False,25.0,False,False
358,chimecho,4,70.0,False,False,False,25.0,False,False
359,absol,4,35.0,False,False,False,25.0,False,True
360,wynaut,4,50.0,True,False,False,20.0,False,False
361,snorunt,4,50.0,False,False,False,20.0,False,False
362,glalie,4,50.0,False,False,False,20.0,False,True
363,spheal,4,50.0,False,False,False,20.0,False,False
364,sealeo,4,50.0,False,False,False,20.0,False,False
365,walrein,4,50.0,False,False,False,20.0,False,False
366,clamperl,4,70.0,False,False,False,20.0,False,False
367,huntail,4,70.0,False,False,False,20.0,False,False
368,gorebyss,4,70.0,False,False,False,20.0,False,False
369,relicanth,1,50.0,False,False,False,40.0,True,False
370,luvdisc,6,70.0,False,False,False,20.0,False,False
371,bagon,4,35.0,False,False,False,40.0,False,False
372,shelgon,4,35.0,False,False,False,40.0,False,False
373,salamence,4,35.0,False,False,False,40.0,False,True
374,beldum,-1,35.0,False,False,False,40.0,False,False
375,metang,-1,35.0,False,False,False,40.0,False,False
376,metagross,-1,35.0,False,False,False,40.0,False,True
377,regirock,-1,35.0,False,True,False,80.0,False,False
378,regice,-1,35.0,False,True,False,80.0,False,False
379,registeel,-1,35.0,False,True,False,80.0,False,False
380,latias,8,90.0,False,True,False,120.0,False,True
381,latios,0,90.0,False,True,False,120.0,False,True
382,kyogre,-1,0.0,False,True,False,120.0,False,True
383,groudon,-1,0.0,False,True,False,120.0,False,True
384,rayquaza,-1,0.0,False,True,False,120.0,False,True
385,jirachi,-1,100.0,False,False,True,120.0,False,False
386,deoxys,-1,0.0,False,False,True,120.0,False,True
387,turtwig,1,70.0,False,False,False,20.0,False,False
388,grotle,1,70.0,False,False,False,20.0,False,False
389,torterra,1,70.0,False,False,False,20.0,False,False
390,chimchar,1,70.0,False,False,False,20.0,False,False
391,monferno,1,70.0,False,False,False,20.0,False,False
392,infernape,1,70.0,False,False,False,20.0,False,False
393,piplup,1,70.0,False,False,False,20.0,False,False
394,prinplup,1,70.0,False,False,False,20.0,False,False
395,empoleon,1,70.0,False,False,False,20.0,False,False
396,starly,4,70.0,False,False,False,15.0,True,False
397,staravia,4,70.0,False,False,False,15.0,True,False
398,staraptor,4,70.0,False,False,False,15.0,True,False
399,bidoof,4,70.0,False,False,False,15.0,True,False
400,bibarel,4,70.0,False,False,False,15.0,True,False
401,kricketot,4,70.0,False,False,False,15.0,True,False
402,kricketune,4,70.0,False,False,False,15.0,True,False
403,shinx,4,50.0,False,False,False,20.0,True,False
404,luxio,4,100.0,False,False,False,20.0,True,False
405,luxray,4,50.0,False,False,False,20.0,True,False
406,budew,4,50.0,True,False,False,20.0,False,False
407,roserade,4,50.0,False,False,False,20.0,True,False
408,cranidos,1,70.0,False,False,False,30.0,False,False
409,rampardos,1,70.0,False,False,False,30.0,False,False
410,shieldon,1,70.0,False,False,False,30.0,False,False
411,bastiodon,1,70.0,False,False,False,30.0,False,False
412,burmy,4,70.0,False,False,False,15.0,False,True
413,wormadam,8,70.0,False,False,False,15.0,False,False
414,mothim,0,70.0,False,False,False,15.0,False,False
415,combee,1,50.0,False,False,False,15.0,True,False
416,vespiquen,8,50.0,False,False,False,15.0,False,False
417,pachirisu,4,100.0,False,False,False,10.0,True,False
418,buizel,4,70.0,False,False,False,20.0,True,False
419,floatzel,4,70.0,False,False,False,20.0,True,False
420,cherubi,4,50.0,False,False,False,20.0,False,False
421,cherrim,4,50.0,False,False,False,20.0,False,True
422,shellos,4,50.0,False,False,False,20.0,False,False
423,gastrodon,4,50.0,False,False,False,20.0,False,False
424,ambipom,4,100.0,False,False,False,20.0,True,False
425,drifloon,4,50.0,False,False,False,30.0,False,False
426,drifblim,4,50.0,False,False,False,30.0,False,False
427,buneary,4,0.0,False,False,False,20.0,False,False
428,lopunny,4,140.0,False,False,False,20.0,False,True
429,mismagius,4,35.0,False,False,False,25.0,False,False
430,honchkrow,4,35.0,False,False,False,20.0,False,False
431,glameow,6,70.0,False,False,False,20.0,False,False
432,purugly,6,70.0,False,False,False,20.0,False,False
433,chingling,4,70.0,True,False,False,25.0,False,False
434,stunky,4,50.0,False,False,False,20.0,False,False
435,skuntank,4,50.0,False,False,False,20.0,False,False
436,bronzor,-1,50.0,False,False,False,20.0,False,False
437,bronzong,-1,50.0,False,False,False,20.0,False,False
438,bonsly,4,50.0,True,False,False,20.0,False,False
439,mime-jr,4,50.0,True,False,False,25.0,False,False
440,happiny,8,140.0,True,False,False,40.0,False,False
441,chatot,4,35.0,False,False,False,20.0,False,False
442,spiritomb,4,50.0,False,False,False,30.0,False,False
443,gible,4,50.0,False,False,False,40.0,True,False
444,gabite,4,50.0,False,False,False,40.0,True,False
445,garchomp,4,50.0,False,False,False,40.0,True,True
446,munchlax,1,50.0,True,False,False,40.0,False,False
447,riolu,1,50.0,True,False,False,25.0,False,False
448,lucario,1,50.0,False,False,False,25.0,False,True
449,hippopotas,4,50.0,False,False,False,30.0,True,False
450,hippowdon,4,50.0,False,False,False,30.0,True,False
451,skorupi,4,50.0,False,False,False,20.0,False,False
452,drapion,4,50.0,False,False,False,20.0,False,False
453,croagunk,4,100.0,False,False,False,10.0,True,False
454,toxicroak,4,50.0,False,False,False,20.0,True,False
455,carnivine,4,70.0,False,False,False,25.0,False,False
456,finneon,4,70.0,False,False,False,20.0,True,False
457,lumineon,4,70.0,False,False,False,20.0,True,False
458,mantyke,4,50.0,True,False,False,25.0,False,False
459,snover,4,50.0,False,False,False,20.0,True,False
460,abomasnow,4,50.0,False,False,False,20.0,True,True
461,weavile,4,35.0,False,False,False,20.0,True,False
462,magnezone,-1,50.0,False,False,False,20.0,False,False
463,lickilicky,4,50.0,False,False,False,20.0,False,False
464,rhyperior,4,50.0,False,False,False,20.0,True,False
465,tangrowth,4,50.0,False,False,False,20.0,True,False
466,electivire,2,50.0,False,False,False,25.0,False,False
467,magmortar,2,50.0,False,False,False,25.0,False,False
468,togekiss,1,50.0,False,False,False,10.0,False,False
469,yanmega,4,70.0,False,False,False,20.0,False,False
470,leafeon,1,35.0,False,False,False,35.0,False,False
471,glaceon,1,35.0,False,False,False,35.0,False,False
472,gliscor,4,70.0,False,False,False,20.0,False,False
473,mamoswine,4,50.0,False,False,False,20.0,True,False
474,porygon-z,-1,50.0,False,False,False,20.0,False,False
475,gallade,0,35.0,False,False,False,20.0,False,True
476,probopass,4,70.0,False,False,False,20.0,False,False
477,dusknoir,4,35.0,False,False,False,25.0,False,False
478,froslass,8,50.0,False,False,False,20.0,False,False
479,rotom,-1,50.0,False,False,False,20.0,False,True
480,uxie,-1,140.0,False,True,False,80.0,False,False
481,mesprit,-1,140.0,False,True,False,80.0,False,False
482,azelf,-1,140.0,False,True,False,80.0,False,False
483,dialga,-1,0.0,False,True,False,120.0,False,False
484,palkia,-1,0.0,False,True,False,120.0,False,False
485,heatran,4,100.0,False,True,False,10.0,False,False
486,regigigas,-1,0.0,False,True,False,120.0,False,False
487,giratina,-1,0.0,False,True,False,120.0,False,True
488,cresselia,8,100.0,False,True,False,120.0,False,False
489,phione,-1,70.0,False,False,True,40.0,False,False
490,manaphy,-1,70.0,False,False,True,10.0,False,False
491,darkrai,-1,0.0,False,False,True,120.0,False,False
492,shaymin,-1,100.0,False,False,True,120.0,False,True
493,arceus,-1,0.0,False,False,True,120.0,False,True
494,victini,-1,100.0,False,False,True,120.0,False,False
495,snivy,1,70.0,False,False,False,20.0,False,False
496,servine,1,70.0,False,False,False,20.0,False,False
497,serperior,1,70.0,False,False,False,20.0,False,False
498,tepig,1,70.0,False,False,False,20.0,False,False
499,pignite,1,70.0,False,False,False,20.0,False,False
500,emboar,1,70.0,False,False,False,20.0,False,False
501,oshawott,1,70.0,False,False,False,20.0,False,False
502,dewott,1,70.0,False,False,False,20.0,False,False
503,samurott,1,70.0,False,False,False,20.0,False,False
504,patrat,4,70.0,False,False,False,15.0,False,False
505,watchog,4,70.0,False,False,False,20.0,False,False
506,lillipup,4,50.0,False,False,False,15.0,False,False
507,herdier,4,50.0,False,False,False,15.0,False,False
508,stoutland,4,50.0,False,False,False,15.0,False,False
509,purrloin,4,50.0,False,False,False,20.0,False,False
510,liepard,4,50.0,False,False,False,20.0,False,False
511,pansage,1,70.0,False,False,False,20.0,False,False
512,simisage,1,70.0,False,False,False,20.0,False,False
513,pansear,1,70.0,False,False,False,20.0,False,False
514,simisear,1,70.0,False,False,False,20.0,False,False
515,panpour,1,70.0,False,False,False,20.0,False,False
516,simipour,1,70.0,False,False,False,20.0,False,False
517,munna,4,50.0,False,False,False,10.0,False,False
518,musharna,4,50.0,False,False,False,10.0,False,False
519,pidove,4,50.0,False,False,False,15.0,False,False
520,tranquill,4,50.0,False,False,False,15.0,False,False
521,unfezant,4,50.0,False,False,False,15.0,True,False
522,blitzle,4,70.0,False,False,False,20.0,False,False
523,zebstrika,4,70.0,False,False,False,20.0,False,False
524,roggenrola,4,50.0,False,False,False,15.0,False,False
525,boldore,4,50.0,False,False,False,15.0,False,False
526,gigalith,4,50.0,False,False,False,15.0,False,False
527,woobat,4,50.0,False,False,False,15.0,False,False
528,swoobat,4,50.0,False,False,False,15.0,False,False
529,drilbur,4,50.0,False,False,False,20.0,False,False
530,excadrill,4,50.0,False,False,False,20.0,False,False
531,audino,4,50.0,False,False,False,20.0,False,True
532,timburr,2,70.0,False,False,False,20.0,False,False
533,gurdurr,2,50.0,False,False,False,20.0,False,False
534,conkeldurr,2,50.0,False,False,False,20.0,False,False
535,tympole,4,50.0,False,False,False,20.0,False,False
536,palpitoad,4,50.0,False,False,False,20.0,False,False
537,seismitoad,4,50.0,False,False,False,20.0,False,False
538,throh,0,50.0,False,False,False,20.0,False,False
539,sawk,0,50.0,False,False,False,20.0,False,False
540,sewaddle,4,70.0,False,False,False,15.0,False,False
541,swadloon,4,70.0,False,False,False,15.0,False,False
542,leavanny,4,70.0,False,False,False,15.0,False,False
543,venipede,4,50.0,False,False,False,15.0,False,False
544,whirlipede,4,50.0,False,False,False,15.0,False,False
545,scolipede,4,50.0,False,False,False,20.0,False,False
546,cottonee,4,50.0,False,False,False,20.0,False,False
547,whimsicott,4,50.0,False,False,False,20.0,False,False
548,petilil,8,50.0,False,False,False,20.0,False,False
549,lilligant,8,50.0,False,False,False,20.0,False,False
550,basculin,4,50.0,False,False,False,40.0,False,False
551,sandile,4,50.0,False,False,False,20.0,False,False
552,krokorok,4,50.0,False,False,False,20.0,False,False
553,krookodile,4,50.0,False,False,False,20.0,False,False
554,darumaka,4,50.0,False,False,False,20.0,False,False
555,darmanitan,4,50.0,False,False,False,20.0,False,True
556,maractus,4,50.0,False,False,False,20.0,False,False
557,dwebble,4,50.0,False,False,False,20.0,False,False
558,crustle,4,50.0,False,False,False,20.0,False,False
559,scraggy,4,35.0,False,False,False,15.0,False,False
560,scrafty,4,50.0,False,False,False,15.0,False,False
561,sigilyph,4,50.0,False,False,False,20.0,False,False
562,yamask,4,50.0,False,False,False,25.0,False,False
563,cofagrigus,4,50.0,False,False,False,25.0,False,False
564,tirtouga,1,50.0,False,False,False,30.0,False,False
565,carracosta,1,50.0,False,False,False,30.0,False,False
566,archen,1,50.0,False,False,False,30.0,False,False
567,archeops,1,50.0,False,False,False,30.0,False,False
568,trubbish,4,50.0,False,False,False,20.0,False,False
569,garbodor,4,50.0,False,False,False,20.0,False,False
570,zorua,1,50.0,False,False,False,25.0,False,False
571,zoroark,1,50.0,False,False,False,20.0,False,False
572,minccino,6,50.0,False,False,False,15.0,False,False
573,cinccino,6,50.0,False,False,False,15.0,False,False
574,gothita,6,50.0,False,False,False,20.0,False,False
575,gothorita,6,50.0,False,False,False,20.0,False,False
576,gothitelle,6,50.0,False,False,False,20.0,False,False
577,solosis,4,50.0,False,False,False,20.0,False,False
578,duosion,4,50.0,False,False,False,20.0,False,False
579,reuniclus,4,50.0,False,False,False,20.0,False,False
580,ducklett,4,70.0,False,False,False,20.0,False,False
581,swanna,4,70.0,False,False,False,20.0,False,False
582,vanillite,4,50.0,False,False,False,20.0,False,False
583,vanillish,4,50.0,False,False,False,20.0,False,False
584,vanilluxe,4,50.0,False,False,False,20.0,False,False
585,deerling,4,70.0,False,False,False,20.0,False,True
586,sawsbuck,4,70.0,False,False,False,20.0,False,True
587,emolga,4,50.0,False,False,False,20.0,False,False
588,karrablast,4,50.0,False,False,False,15.0,False,False
589,escavalier,4,50.0,False,False,False,15.0,False,False
590,foongus,4,50.0,False,False,False,20.0,False,False
591,amoonguss,4,50.0,False,False,False,20.0,False,False
592,frillish,4,50.0,False,False,False,20.0,True,False
593,jellicent,4,50.0,False,False,False,20.0,True,False
594,alomomola,4,70.0,False,False,False,40.0,False,False
595,joltik,4,50.0,False,False,False,20.0,False,False
596,galvantula,4,50.0,False,False,False,20.0,False,False
597,ferroseed,4,50.0,False,False,False,20.0,False,False
598,ferrothorn,4,50.0,False,False,False,20.0,False,False
599,klink,-1,50.0,False,False,False,20.0,False,False
600,klang,-1,50.0,False,False,False,20.0,False,False
601,klinklang,-1,50.0,False,False,False,20.0,False,False
602,tynamo,4,70.0,False,False,False,20.0,False,False
603,eelektrik,4,70.0,False,False,False,20.0,False,False
604,eelektross,4,70.0,False,False,False,20.0,False,False
605,elgyem,4,50.0,False,False,False,20.0,False,False
606,beheeyem,4,50.0,False,False,False,20.0,False,False
607,litwick,4,50.0,False,False,False,20.0,False,False
608,lampent,4,50.0,False,False,False,20.0,False,False
609,chandelure,4,50.0,False,False,False,20.0,False,False
610,axew,4,35.0,False,False,False,40.0,False,False
611,fraxure,4,35.0,False,False,False,40.0,False,False
612,haxorus,4,35.0,False,False,False,40.0,False,False
613,cubchoo,4,50.0,False,False,False,20.0,False,False
614,beartic,4,50.0,False,False,False,20.0,False,False
615,cryogonal,-1,50.0,False,False,False,25.0,False,False
616,shelmet,4,50.0,False,False,False,15.0,False,False
617,accelgor,4,50.0,False,False,False,15.0,False,False
618,stunfisk,4,70.0,False,False,False,20.0,False,False
619,mienfoo,4,50.0,False,False,False,25.0,False,False
620,mienshao,4,50.0,False,False,False,25.0,False,False
621,druddigon,4,50.0,False,False,False,30.0,False,False
622,golett,-1,50.0,False,False,False,25.0,False,False
623,golurk,-1,50.0,False,False,False,25.0,False,False
624,pawniard,4,35.0,False,False,False,20.0,False,False
625,bisharp,4,35.0,False,False,False,20.0,False,False
626,bouffalant,4,50.0,False,False,False,20.0,False,False
627,rufflet,0,50.0,False,False,False,20.0,False,False
628,braviary,0,50.0,False,False,False,20.0,False,False
629,vullaby,8,35.0,False,False,False,20.0,False,False
630,mandibuzz,8,35.0,False,False,False,20.0,False,False
631,heatmor,4,50.0,False,False,False,20.0,False,False
632,durant,4,50.0,False,False,False,20.0,False,False
633,deino,4,35.0,False,False,False,40.0,False,False
634,zweilous,4,35.0,False,False,False,40.0,False,False
635,hydreigon,4,35.0,False,False,False,40.0,False,False
636,larvesta,4,50.0,False,False,False,40.0,False,False
637,volcarona,4,50.0,False,False,False,40.0,False,False
638,cobalion,-1,35.0,False,True,False,80.0,False,False
639,terrakion,-1,35.0,False,True,False,80.0,False,False
640,virizion,-1,35.0,False,True,False,80.0,False,False
641,tornadus,0,90.0,False,True,False,120.0,False,True
642,thundurus,0,90.0,False,True,False,120.0,False,True
643,reshiram,-1,0.0,False,True,False,120.0,False,False
644,zekrom,-1,0.0,False,True,False,120.0,False,False
645,landorus,0,90.0,False,True,False,120.0,False,True
646,kyurem,-1,0.0,False,True,False,120.0,False,True
647,keldeo,-1,35.0,False,False,True,80.0,False,True
648,meloetta,-1,100.0,False,False,True,120.0,False,True
649,genesect,-1,0.0,False,False,True,120.0,False,True
650,chespin,1,70.0,False,False,False,20.0,False,False
651,quilladin,1,70.0,False,False,False,20.0,False,False
652,chesnaught,1,70.0,False,False,False,20.0,False,False
653,fennekin,1,70.0,False,False,False,20.0,False,False
654,braixen,1,70.0,False,False,False,20.0,False,False
655,delphox,1,70.0,False,False,False,20.0,False,False
656,froakie,1,70.0,False,False,False,20.0,False,False
657,frogadier,1,70.0,False,False,False,20.0,False,False
658,greninja,1,70.0,False,False,False,20.0,False,False
659,bunnelby,4,50.0,False,False,False,15.0,False,False
660,diggersby,4,50.0,False,False,False,15.0,False,False
661,fletchling,4,50.0,False,False,False,15.0,False,False
662,fletchinder,4,50.0,False,False,False,15.0,False,False
663,talonflame,4,50.0,False,False,False,15.0,False,False
664,scatterbug,4,70.0,False,False,False,15.0,False,False
665,spewpa,4,70.0,False,False,False,15.0,False,False
666,vivillon,4,70.0,False,False,False,15.0,False,False
667,litleo,7,70.0,False,False,False,20.0,False,False
668,pyroar,7,70.0,False,False,False,20.0,True,False
669,flabebe,8,70.0,False,False,False,20.0,False,False
670,floette,8,70.0,False,False,False,20.0,False,False
671,florges,8,70.0,False,False,False,20.0,False,False
672,skiddo,4,70.0,False,False,False,20.0,False,False
673,gogoat,4,70.0,False,False,False,20.0,False,False
674,pancham,4,50.0,False,False,False,25.0,False,False
675,pangoro,4,50.0,False,False,False,25.0,False,False
676,furfrou,4,70.0,False,False,False,20.0,False,True
677,espurr,4,50.0,False,False,False,20.0,False,False
678,meowstic,4,50.0,False,False,False,20.0,True,False
679,honedge,4,50.0,False,False,False,20.0,False,False
680,doublade,4,50.0,False,False,False,20.0,False,False
681,aegislash,4,50.0,False,False,False,20.0,False,True
682,spritzee,4,50.0,False,False,False,20.0,False,False
683,aromatisse,4,50.0,False,False,False,20.0,False,False
684,swirlix,4,50.0,False,False,False,20.0,False,False
685,slurpuff,4,50.0,False,False,False,20.0,False,False
686,inkay,4,50.0,False,False,False,20.0,False,False
687,malamar,4,50.0,False,False,False,20.0,False,False
688,binacle,4,50.0,False,False,False,20.0,False,False
689,barbaracle,4,50.0,False,False,False,20.0,False,False
690,skrelp,4,50.0,False,False,False,20.0,False,False
691,dragalge,4,50.0,False,False,False,20.0,False,False
692,clauncher,4,50.0,False,False,False,15.0,False,False
693,clawitzer,4,50.0,False,False,False,15.0,False,False
694,helioptile,4,50.0,False,False,False,20.0,False,False
695,heliolisk,4,50.0,False,False,False,20.0,False,False
696,tyrunt,1,50.0,False,False,False,30.0,False,False
697,tyrantrum,1,50.0,False,False,False,30.0,False,False
698,amaura,1,50.0,False,False,False,30.0,False,False
699,aurorus,1,50.0,False,False,False,30.0,False,False
700,sylveon,1,50.0,False,False,False,35.0,False,False
701,hawlucha,4,50.0,False,False,False,20.0,False,False
702,dedenne,4,50.0,False,False,False,20.0,False,False
703,carbink,-1,50.0,False,False,False,25.0,False,False
704,goomy,4,35.0,False,False,False,40.0,False,False
705,sliggoo,4,35.0,False,False,False,40.0,False,False
706,goodra,4,35.0,False,False,False,40.0,False,False
707,klefki,4,50.0,False,False,False,20.0,False,False
708,phantump,4,50.0,False,False,False,20.0,False,False
709,trevenant,4,50.0,False,False,False,20.0,False,False
710,pumpkaboo,4,50.0,False,False,False,20.0,False,False
711,gourgeist,4,50.0,False,False,False,20.0,False,False
712,bergmite,4,50.0,False,False,False,20.0,False,False
713,avalugg,4,50.0,False,False,False,20.0,False,False
714,noibat,4,50.0,False,False,False,20.0,False,False
715,noivern,4,50.0,False,False,False,20.0,False,False
716,xerneas,-1,0.0,False,True,False,120.0,False,True
717,yveltal,-1,0.0,False,True,False,120.0,False,False
718,zygarde,-1,0.0,False,True,False,120.0,False,False
719,diancie,-1,50.0,False,False,True,25.0,False,True
720,hoopa,-1,100.0,False,False,True,120.0,False,False
721,volcanion,-1,100.0,False,False,True,120.0,False,False
722,rowlet,1,50.0,False,False,False,15.0,False,False
723,dartrix,1,50.0,False,False,False,15.0,False,False
724,decidueye,1,50.0,False,False,False,15.0,False,False
725,litten,1,50.0,False,False,False,15.0,False,False
726,torracat,1,50.0,False,False,False,15.0,False,False
727,incineroar,1,50.0,False,False,False,15.0,False,False
728,popplio,1,50.0,False,False,False,15.0,False,False
729,brionne,1,50.0,False,False,False,15.0,False,False
730,primarina,1,50.0,False,False,False,15.0,False,False
731,pikipek,4,70.0,False,False,False,15.0,False,False
732,trumbeak,4,70.0,False,False,False,15.0,False,False
733,toucannon,4,70.0,False,False,False,15.0,False,False
734,yungoos,4,70.0,False,False,False,15.0,False,False
735,gumshoos,4,70.0,False,False,False,15.0,False,False
736,grubbin,4,50.0,False,False,False,15.0,False,False
737,charjabug,4,50.0,False,False,False,15.0,False,False
738,vikavolt,4,50.0,False,False,False,15.0,False,False
739,crabrawler,4,70.0,False,False,False,20.0,False,False
740,crabominable,4,70.0,False,False,False,20.0,False,False
741,oricorio,6,70.0,False,False,False,20.0,False,False
742,cutiefly,4,50.0,False,False,False,20.0,False,False
743,ribombee,4,50.0,False,False,False,20.0,False,False
744,rockruff,4,50.0,False,False,False,15.0,False,False
745,lycanroc,4,50.0,False,False,False,15.0,False,False
746,wishiwashi,4,50.0,False,False,False,15.0,False,False
747,mareanie,4,50.0,False,False,False,20.0,False,False
748,toxapex,4,50.0,False,False,False,20.0,False,False
749,mudbray,4,50.0,False,False,False,20.0,False,False
750,mudsdale,4,50.0,False,False,False,20.0,False,False
751,dewpider,4,50.0,False,False,False,15.0,False,False
752,araquanid,4,50.0,False,False,False,15.0,False,False
753,fomantis,4,50.0,False,False,False,20.0,False,False
754,lurantis,4,50.0,False,False,False,20.0,False,False
755,morelull,4,50.0,False,False,False,20.0,False,False
756,shiinotic,4,50.0,False,False,False,20.0,False,False
757,salandit,1,50.0,False,False,False,20.0,False,False
758,salazzle,8,50.0,False,False,False,20.0,False,False
759,stufful,4,50.0,False,False,False,15.0,False,False
760,bewear,4,50.0,False,False,False,15.0,False,False
761,bounsweet,8,50.0,False,False,False,20.0,False,False
762,steenee,8,50.0,False,False,False,20.0,False,False
763,tsareena,8,50.0,False,False,False,20.0,False,False
764,comfey,6,50.0,False,False,False,20.0,False,False
765,oranguru,4,50.0,False,False,False,20.0,False,False
766,passimian,4,50.0,False,False,False,20.0,False,False
767,wimpod,4,50.0,False,False,False,20.0,False,False
768,golisopod,4,50.0,False,False,False,20.0,False,False
769,sandygast,4,50.0,False,False,False,15.0,False,False
770,palossand,4,50.0,False,False,False,15.0,False,False
771,pyukumuku,4,50.0,False,False,False,15.0,False,False
772,type-null,-1,0.0,False,False,False,120.0,False,False
773,silvally,-1,0.0,False,True,False,120.0,False,False
774,minior,-1,70.0,False,False,False,25.0,False,False
775,komala,4,70.0,False,False,False,20.0,False,False
776,turtonator,4,50.0,False,False,False,20.0,False,False
777,togedemaru,4,50.0,False,False,False,10.0,False,False
778,mimikyu,4,50.0,False,False,False,20.0,False,False
779,bruxish,4,70.0,False,False,False,15.0,False,False
780,drampa,4,50.0,False,False,False,20.0,False,False
781,dhelmise,-1,50.0,False,False,False,25.0,False,False
782,jangmo-o,4,50.0,False,False,False,40.0,False,False
783,hakamo-o,4,50.0,False,False,False,40.0,False,False
784,kommo-o,4,50.0,False,False,False,40.0,False,False
785,tapu-koko,-1,50.0,False,True,False,15.0,False,False
786,tapu-lele,-1,50.0,False,True,False,15.0,False,False
787,tapu-bulu,-1,50.0,False,True,False,15.0,False,False
788,tapu-fini,-1,50.0,False,True,False,15.0,False,False
789,cosmog,-1,0.0,False,True,False,120.0,False,False
790,cosmoem,-1,0.0,False,True,False,120.0,False,False
791,solgaleo,-1,0.0,False,True,False,120.0,False,False
792,lunala,-1,0.0,False,True,False,120.0,False,False
793,nihilego,-1,0.0,False,False,False,120.0,False,False
794,buzzwole,-1,0.0,False,False,False,120.0,False,False
795,pheromosa,-1,0.0,False,False,False,120.0,False,False
796,xurkitree,-1,0.0,False,False,False,120.0,False,False
797,celesteela,-1,0.0,False,False,False,120.0,False,False
798,kartana,-1,0.0,False,False,False,120.0,False,False
799,guzzlord,-1,0.0,False,False,False,120.0,False,False
800,necrozma,-1,0.0,False,True,False,120.0,False,False
801,magearna,-1,0.0,False,False,True,120.0,False,False
802,marshadow,-1,0.0,False,False,True,120.0,False,False
803,poipole,-1,0.0,False,False,False,120.0,False,False
804,naganadel,-1,0.0,False,False,False,120.0,False,False
805,stakataka,-1,0.0,False,False,False,120.0,False,False
806,blacephalon,-1,0.0,False,False,False,120.0,False,False
807,zeraora,-1,0.0,False,False,True,120.0,False,False
808,meltan,-1,0.0,False,False,True,120.0,False,False
809,melmetal,-1,0.0,False,False,True,120.0,False,False
810,grookey,1,50.0,False,False,False,20.0,False,False
811,thwackey,1,50.0,False,False,False,20.0,False,False
812,rillaboom,1,50.0,False,False,False,20.0,False,False
813,scorbunny,1,50.0,False,False,False,20.0,False,False
814,raboot,1,50.0,False,False,False,20.0,False,False
815,cinderace,1,50.0,False,False,False,20.0,False,False
816,sobble,1,50.0,False,False,False,20.0,False,False
817,drizzile,1,50.0,False,False,False,20.0,False,False
818,inteleon,1,50.0,False,False,False,20.0,False,False
819,skwovet,4,50.0,False,False,False,20.0,False,False
820,greedent,4,50.0,False,False,False,20.0,False,False
821,rookidee,4,50.0,False,False,False,15.0,False,False
822,corvisquire,4,50.0,False,False,False,15.0,False,False
823,corviknight,4,50.0,False,False,False,15.0,False,False
824,blipbug,4,50.0,False,False,False,15.0,False,False
825,dottler,4,50.0,False,False,False,15.0,False,False
826,orbeetle,4,50.0,False,False,False,15.0,False,False
827,nickit,4,50.0,False,False,False,15.0,False,False
828,thievul,4,50.0,False,False,False,15.0,False,False
829,gossifleur,4,50.0,False,False,False,20.0,False,False
830,eldegoss,4,50.0,False,False,False,20.0,False,False
831,wooloo,4,50.0,False,False,False,15.0,False,False
832,dubwool,4,50.0,False,False,False,15.0,False,False
833,chewtle,4,50.0,False,False,False,20.0,False,False
834,drednaw,4,50.0,False,False,False,20.0,False,False
835,yamper,4,50.0,False,False,False,20.0,False,False
836,boltund,4,50.0,False,False,False,20.0,False,False
837,rolycoly,4,50.0,False,False,False,15.0,False,False
838,carkol,4,50.0,False,False,False,15.0,False,False
839,coalossal,4,50.0,False,False,False,15.0,False,False
840,applin,4,50.0,False,False,False,20.0,False,False
841,flapple,4,50.0,False,False,False,20.0,False,False
842,appletun,4,50.0,False,False,False,20.0,False,False
843,silicobra,4,50.0,False,False,False,20.0,False,False
844,sandaconda,4,50.0,False,False,False,20.0,False,False
845,cramorant,4,50.0,False,False,False,20.0,False,False
846,arrokuda,4,50.0,False,False,False,20.0,False,False
847,barraskewda,4,50.0,False,False,False,20.0,False,False
848,toxel,4,50.0,True,False,False,25.0,False,False
849,toxtricity,4,50.0,False,False,False,25.0,False,False
850,sizzlipede,4,50.0,False,False,False,20.0,False,False
851,centiskorch,4,50.0,False,False,False,20.0,False,False
852,clobbopus,4,50.0,False,False,False,25.0,False,False
853,grapploct,4,50.0,False,False,False,25.0,False,False
854,sinistea,-1,50.0,False,False,False,20.0,False,False
855,polteageist,-1,50.0,False,False,False,20.0,False,False
856,hatenna,8,50.0,False,False,False,20.0,False,False
857,hattrem,8,50.0,False,False,False,20.0,False,False
858,hatterene,8,50.0,False,False,False,20.0,False,False
859,impidimp,0,50.0,False,False,False,20.0,False,False
860,morgrem,0,50.0,False,False,False,20.0,False,False
861,grimmsnarl,0,50.0,False,False,False,20.0,False,False
862,obstagoon,4,50.0,False,False,False,15.0,False,False
863,perrserker,4,50.0,False,False,False,20.0,False,False
864,cursola,6,50.0,False,False,False,20.0,False,False
865,sirfetchd,4,50.0,False,False,False,20.0,False,False
866,mr-rime,4,50.0,False,False,False,25.0,False,False
867,runerigus,4,50.0,False,False,False,25.0,False,False
868,milcery,8,50.0,False,False,False,20.0,False,False
869,alcremie,8,50.0,False,False,False,20.0,False,False
870,falinks,-1,50.0,False,False,False,25.0,False,False
871,pincurchin,4,50.0,False,False,False,20.0,False,False
872,snom,4,50.0,False,False,False,20.0,False,False
873,frosmoth,4,50.0,False,False,False,20.0,False,False
874,stonjourner,4,50.0,False,False,False,25.0,False,False
875,eiscue,4,50.0,False,False,False,25.0,False,False
876,indeedee,4,140.0,False,False,False,40.0,False,False
877,morpeko,4,50.0,False,False,False,10.0,False,False
878,cufant,4,50.0,False,False,False,25.0,False,False
879,copperajah,4,50.0,False,False,False,25.0,False,False
880,dracozolt,-1,50.0,False,False,False,35.0,False,False
881,arctozolt,-1,50.0,False,False,False,35.0,False,False
882,dracovish,-1,50.0,False,False,False,35.0,False,False
883,arctovish,-1,50.0,False,False,False,35.0,False,False
884,duraludon,4,50.0,False,False,False,30.0,False,False
885,dreepy,4,50.0,False,False,False,40.0,False,False
886,drakloak,4,50.0,False,False,False,40.0,False,False
887,dragapult,4,50.0,False,False,False,40.0,False,False
888,zacian,-1,0.0,False,True,False,120.0,False,False
889,zamazenta,-1,0.0,False,True,False,120.0,False,False
890,eternatus,-1,0.0,False,True,False,120.0,False,False
891,kubfu,1,50.0,False,True,False,120.0,False,False
892,urshifu,1,50.0,False,True,False,120.0,False,False
893,zarude,-1,0.0,False,False,True,120.0,False,False
894,regieleki,-1,35.0,False,True,False,120.0,False,False
895,regidrago,-1,35.0,False,True,False,120.0,False,False
896,glastrier,-1,35.0,False,True,False,120.0,False,False
897,spectrier,-1,35.0,False,True,False,120.0,False,False
898,calyrex,-1,100.0,False,True,False,120.0,False,False
899,wyrdeer,4,,False,False,False,,False,False
900,kleavor,4,,False,False,False,,False,False
901,ursaluna,4,,False,False,False,,False,False
902,basculegion,4,,False,False,False,,True,True
903,sneasler,4,,False,False,False,,False,False
904,overqwil,4,,False,False,False,,False,False
905,enamorus,8,,False,True,False,,False,True
906,sprigatito,1,50.0,False,False,False,20.0,False,False
907,floragato,1,50.0,False,False,False,20.0,False,False
908,meowscarada,1,50.0,False,False,False,20.0,False,False
909,fuecoco,1,50.0,False,False,False,20.0,False,False
910,crocalor,1,50.0,False,False,False,20.0,False,False
911,skeledirge,1,50.0,False,False,False,20.0,False,False
912,quaxly,1,50.0,False,False,False,20.0,False,False
913,quaxwell,1,50.0,False,False,False,20.0,False,False
914,quaquaval,1,50.0,False,False,False,20.0,False,False
915,lechonk,4,50.0,False,False,False,15.0,False,False
916,oinkologne,0,50.0,False,False,False,15.0,False,False
917,tarountula,4,50.0,False,False,False,15.0,False,False
918,spidops,4,50.0,False,False,False,15.0,False,False
919,nymble,4,20.0,False,False,False,20.0,False,False
920,lokix,4,0.0,False,False,False,20.0,False,False
921,pawmi,4,50.0,False,False,False,15.0,False,False
922,pawmo,4,50.0,False,False,False,15.0,False,False
923,pawmot,4,50.0,False,False,False,15.0,False,False
924,tandemaus,-1,50.0,False,False,False,10.0,False,False
925,maushold,-1,50.0,False,False,False,10.0,False,False
926,fidough,4,50.0,False,False,False,20.0,False,False
927,dachsbun,4,50.0,False,False,False,20.0,False,False
928,smoliv,4,50.0,False,False,False,20.0,False,False
929,dolliv,4,50.0,False,False,False,20.0,False,False
930,arboliva,4,50.0,False,False,False,20.0,False,False
931,squawkabilly,4,50.0,False,False,False,15.0,False,False
932,nacli,4,50.0,False,False,False,20.0,False,False
933,naclstack,4,50.0,False,False,False,20.0,False,False
934,garganacl,4,50.0,False,False,False,20.0,False,False
935,charcadet,4,50.0,False,False,False,35.0,False,False
936,armarouge,4,20.0,False,False,False,35.0,False,False
937,ceruledge,4,20.0,False,False,False,35.0,False,False
938,tadbulb,4,50.0,False,False,False,20.0,False,False
939,bellibolt,4,50.0,False,False,False,20.0,False,False
940,wattrel,4,50.0,False,False,False,20.0,False,False
941,kilowattrel,4,50.0,False,False,False,20.0,False,False
942,maschiff,4,50.0,False,False,False,20.0,False,False
943,mabosstiff,4,50.0,False,False,False,20.0,False,False
944,shroodle,4,50.0,False,False,False,20.0,False,False
945,grafaiai,4,50.0,False,False,False,20.0,False,False
946,bramblin,4,50.0,False,False,False,20.0,False,False
947,brambleghast,4,50.0,False,False,False,20.0,False,False
948,toedscool,4,50.0,False,False,False,20.0,False,False
949,toedscruel,4,50.0,False,False,False,20.0,False,False
950,klawf,4,50.0,False,False,False,35.0,False,False
951,capsakid,4,50.0,False,False,False,20.0,False,False
952,scovillain,4,50.0,False,False,False,20.0,False,False
953,rellor,4,50.0,False,False,False,20.0,False,False
954,rabsca,4,50.0,False,False,False,20.0,False,False
955,flittle,4,50.0,False,False,False,20.0,False,False
956,espathra,4,50.0,False,False,False,20.0,False,False
957,tinkatink,8,50.0,False,False,False,20.0,False,False
958,tinkatuff,8,50.0,False,False,False,20.0,False,False
959,tinkaton,8,50.0,False,False,False,20.0,False,False
960,wiglett,4,50.0,False,False,False,20.0,False,False
961,wugtrio,4,50.0,False,False,False,20.0,False,False
962,bombirdier,4,50.0,False,False,False,35.0,False,False
963,finizen,4,50.0,False,False,False,40.0,False,False
964,palafin,4,50.0,False,False,False,40.0,False,False
965,varoom,4,50.0,False,False,False,20.0,False,False
966,revavroom,4,50.0,False,False,False,20.0,False,False
967,cyclizar,4,50.0,False,False,False,30.0,False,False
968,orthworm,4,50.0,False,False,False,35.0,False,False
969,glimmet,4,50.0,False,False,False,30.0,False,False
970,glimmora,4,50.0,False,False,False,30.0,False,False
971,greavard,4,50.0,False,False,False,20.0,False,False
972,houndstone,4,50.0,False,False,False,20.0,False,False
973,flamigo,4,50.0,False,False,False,20.0,False,False
974,cetoddle,4,50.0,False,False,False,25.0,False,False
975,cetitan,4,50.0,False,False,False,25.0,False,False
976,veluza,4,50.0,False,False,False,20.0,False,False
977,dondozo,4,50.0,False,False,False,40.0,False,False
978,tatsugiri,4,50.0,False,False,False,35.0,False,False
979,annihilape,4,50.0,False,False,False,20.0,False,False
980,clodsire,4,50.0,False,False,False,20.0,False,False
981,farigiraf,4,50.0,False,False,False,20.0,False,False
982,dudunsparce,4,50.0,False,False,False,20.0,False,False
983,kingambit,4,50.0,False,False,False,20.0,False,False
984,great-tusk,-1,0.0,False,False,False,50.0,False,False
985,scream-tail,-1,0.0,False,False,False,50.0,False,False
986,brute-bonnet,-1,0.0,False,False,False,50.0,False,False
987,flutter-mane,-1,0.0,False,False,False,50.0,False,False
988,slither-wing,-1,0.0,False,False,False,50.0,False,False
989,sandy-shocks,-1,0.0,False,False,False,50.0,False,False
990,iron-treads,-1,0.0,False,False,False,50.0,False,False
991,iron-bundle,-1,0.0,False,False,False,50.0,False,False
992,iron-hands,-1,0.0,False,False,False,50.0,False,False
993,iron-jugulis,-1,0.0,False,False,False,50.0,False,False
994,iron-moth,-1,0.0,False,False,False,50.0,False,False
995,iron-thorns,-1,0.0,False,False,False,50.0,False,False
996,frigibax,4,50.0,False,False,False,40.0,False,False
997,arctibax,4,50.0,False,False,False,40.0,False,False
998,baxcalibur,4,50.0,False,False,False,40.0,False,False
999,gimmighoul,-1,50.0,False,False,False,50.0,False,False
1000,gholdengo,-1,50.0,False,False,False,50.0,False,False
